Workbook
Name Intino_Usability_Study__respuestas____Respuestas_de_formulario_1: Questionary!$A$2:$AH$21

Sheet Questionary
C1: DEMOGRAPHIC | N1: SUS | Y1: SPECIFIC QUESTIONS (SQ)
A2: Fecha | B2: Dirección de correo electrónico | C2: Please indicate your age | D2: Please indicate your gender (select one): | E2: Please indicate your level of education (select one): | F2: Have you studied any computing-related field? | G2: What is your current level of English? | H2: You are currently working in… | I2: Please indicate your experience (in years) in software development: | J2: Please indicate your experience (in years) modeling languages | K2: Rate your knowledge of modeling: | L2: Rate your level of experience in meta-modeling | M2: Experience | N2: I think I would like to use this platform frequently | O2: I found the tool unnecessarily complex | P2: I thought the tool was easy to use | Q2: I think that I would need the support of a technical person to be able to use this platform | R2: I found the various functions in this platform were well integrated | S2: I thought there was too much inconsistency in this system | T2: I would imagine that most people would learn to use this tool very quickly | U2: I found the app very cumbersome to use | V2: I felt very confident using the tool | W2: I needed to learn a lot of things before I could get going with this tool | X2: SUS | Y2: I could complete the tasks without technical assistance. | Z2: The browser-based access reduced installation and configuration barriers. | AA2: The setup effort to reach a first valid model was low. | AB2: The model migration process was clear and well supported by the tool. | AC2: Diagnostics and messages were useful to locate and fix issues. | AD2: Editing/validation responsiveness was acceptable and did not hinder my workflow. | AE2: What positive aspects would you highlight about the platform? | AF2: Which entry barriers did you encounter (if any), and how would you reduce them? | AG2: Were any features or workflows confusing or difficult? Please describe concrete situations. | AH2: How would you integrate this platform into your educational or professional practice?
A3: 45938.546 | B3: 1 | C3: 26 | D3: Woman | E3: Graduated | F3: Yes | G3: Upper-Intermediate (B2) | H3: Industry | I3: 4 | J3: 1 | K3: 4 | L3: 1 | M3: =IF(L3<3,"Novice","Experienced") -> Novice | N3: 4 | O3: 2 | P3: 4 | Q3: 2 | R3: 4 | S3: 1 | T3: 4 | U3: 1 | V3: 4 | W3: 3 | X3: =((N3-1)+(5-O3)+(P3-1)+(5-Q3)+(R3-1)+(5-S3)+(T3-1)+(5-U3)+(V3-1)+(5-W3))*2.5 -> 77.5 | Y3: 4 | Z3: 5 | AA3: 5 | AB3: 4 | AC3: 4 | AD3: 4 | AE3: La rapidez de compilar y la sencillez | AF3: La navegación de la documentación de ayuda es molesta sobre todo porque no se puede volver al principio cómodamente | AG3: Mejorar la navegación de la ayuda
A4: 45959.692 | B4: 2 | C4: 26 | D4: Man | E4: Master’s student | F4: Yes | G4: Upper-Intermediate (B2) | H4: Research center | I4: 3 | J4: 1 | K4: 1 | L4: 1 | M4: =IF(L4<3,"Novice","Experienced") -> Novice | N4: 2 | O4: 3 | P4: 3 | Q4: 5 | R4: 4 | S4: 2 | T4: 2 | U4: 1 | V4: 1 | W4: 4 | X4: =((N4-1)+(5-O4)+(P4-1)+(5-Q4)+(R4-1)+(5-S4)+(T4-1)+(5-U4)+(V4-1)+(5-W4))*2.5 -> 42.5 | Y4: 1 | Z4: 5 | AA4: 4 | AB4: 3 | AC4: 3 | AD4: 2 | AE4: The tool seems useful and probably makes the creation and standardization of DSLs easier | AF4: The way the meta-models are built is not intuitive enough and technical support could be needed. The learning curve may be steep for people that don't have enough knowledge about DSLs | AG4: There were not confusing workflows but documentation is needed when using the platform | AH4: I don't know how I would use it since I don't need it in my environment (for now)
A5: 45944.457 | B5: 3 | C5: 36 | D5: Man | E5: Master’s student | F5: Yes | G5: Upper-Intermediate (B2) | H5: Industry | I5: 11 | J5: 5 | K5: 5 | L5: 5 | M5: =IF(L5<3,"Novice","Experienced") -> Experienced | N5: 5 | O5: 2 | P5: 4 | Q5: 2 | R5: 5 | S5: 1 | T5: 4 | U5: 1 | V5: 4 | W5: 2 | X5: =((N5-1)+(5-O5)+(P5-1)+(5-Q5)+(R5-1)+(5-S5)+(T5-1)+(5-U5)+(V5-1)+(5-W5))*2.5 -> 85 | Y5: 5 | Z5: 5 | AA5: 4 | AB5: 3 | AC5: 5 | AD5: 4 | AE5: Permite el fácil modelado de DSLs sin necesidad de un entorno ni herramientas específicas. | AF5: Las constraints pueden tener su curva de aprendizaje, especialmente para perfiles no técnicos. | AG5: * Autocompletado de conceptos: en ocasiones el autocompletado no sugiere los conceptos disponibles (Concept, etc). Es especialmente doloroso al utilizar el DSL posteriormente porque tienes que conocer los conceptos disponibles. * Mejora descripción errores: durante la creación del lenguaje en ocasiones salta errores de sintaxis muy genérico (tara sintax error). | AH5: Tratando de desarrollar proyectos reales con la adopción de DSLs propios que optimicen todo el proceso de desarrollo.
A6: 45959.683 | B6: 4 | C6: 26 | D6: Man | E6: Master’s student | F6: Yes | G6: Intermediate (B1) | H6: Research center | I6: 1 | J6: 3 | K6: 1 | L6: 1 | M6: =IF(L6<3,"Novice","Experienced") -> Novice | N6: 4 | O6: 1 | P6: 4 | Q6: 3 | R6: 4 | S6: 1 | T6: 4 | U6: 1 | V6: 4 | W6: 3 | X6: =((N6-1)+(5-O6)+(P6-1)+(5-Q6)+(R6-1)+(5-S6)+(T6-1)+(5-U6)+(V6-1)+(5-W6))*2.5 -> 77.5 | Y6: 2 | Z6: 4 | AA6: 4 | AB6: 4 | AC6: 4 | AD6: 4 | AE6: Es una aplicación fácil de usar para un usuario con conocimientos básicos en modelado. | AF6: A la hora de visualizar el modelo desde la creación del metamodelo, podría existir un botón de abrirlo en una segunda pestaña y no en la misma. | AG6: La herramienta no me ha presentado ninguna confusión. Tiene una interfaz intuitiva y fácil de manejar. | AH6: Se podría integrar en el ámbito educacional, ya que con esta herramienta se puede aprender a crear un metamodelo y el modelo en la misma plataforma.
A7: 45932.501 | B7: 5 | C7: 27 | D7: Man | E7: Master’s student | F7: Yes | G7: Upper-Intermediate (B2) | H7: Industry | I7: 5 | J7: 4 | K7: 4 | L7: 3 | M7: =IF(L7<3,"Novice","Experienced") -> Experienced | N7: 3 | O7: 1 | P7: 4 | Q7: 2 | R7: 3 | S7: 3 | T7: 4 | U7: 2 | V7: 4 | W7: 2 | X7: =((N7-1)+(5-O7)+(P7-1)+(5-Q7)+(R7-1)+(5-S7)+(T7-1)+(5-U7)+(V7-1)+(5-W7))*2.5 -> 70 | Y7: 5 | Z7: 5 | AA7: 4 | AB7: 4 | AC7: 5 | AD7: 4 | AE7: Posibilidad de definir DSLs de forma sencilla y sin tener yo que programar el parser. Es fácil crear metamodelos y modelos, y poder compartirlos mediante correo. La generación de la dependencia para poder usar en Java facilita la integración. Por último, el execute en la propia página es una buena forma de testear el modelo. | AF7: La integración con el parser en Java puede explicarse de mejor forma, incluyendo un Getting Started con ejemplos completos. | AG7: - ¡¡MARDOWN PARA CREAR DOCUMENTACION (HELP) DE LOS METAMODELOS Y MODELOS!!! Con el editor tipo word es muy lento formatear, y al copiar/pegar no se mantienen los formatos, haciendo que escribir documentación sea muy, muy tedioso.; Campo date con format, t | AH7: Con esta herramienta podemos crear los DSL de forma unificada e iterar mucho más rápido en nuestros proyectos.
A8: 45939.547 | B8: 6 | C8: 43 | D8: Woman | E8: Graduated | F8: Yes | G8: Intermediate (B1) | H8: Research center | I8: 15 | J8: 5 | K8: 4 | L8: 4 | M8: =IF(L8<3,"Novice","Experienced") -> Experienced | N8: 4 | O8: 1 | P8: 4 | Q8: 4 | R8: 4 | S8: 1 | T8: 4 | U8: 1 | V8: 3 | W8: 4 | X8: =((N8-1)+(5-O8)+(P8-1)+(5-Q8)+(R8-1)+(5-S8)+(T8-1)+(5-U8)+(V8-1)+(5-W8))*2.5 -> 70 | Y8: 4 | Z8: 5 | AA8: 4 | AB8: 2 | AC8: 5 | AD8: 4
A9: 45938.542 | B9: 7 | C9: 35 | D9: Man | E9: Graduated | F9: Yes | G9: Elementary (A2) | H9: Industry | I9: 8 | J9: 3 | K9: 3 | L9: 1 | M9: =IF(L9<3,"Novice","Experienced") -> Novice | N9: 3 | O9: 2 | P9: 3 | Q9: 3 | R9: 4 | S9: 2 | T9: 2 | U9: 1 | V9: 2 | W9: 4 | X9: =((N9-1)+(5-O9)+(P9-1)+(5-Q9)+(R9-1)+(5-S9)+(T9-1)+(5-U9)+(V9-1)+(5-W9))*2.5 -> 55 | Y9: 4 | Z9: 4 | AA9: 3 | AB9: 3 | AC9: 3 | AD9: 3
A10: 45959.685 | B10: 8 | C10: 23 | D10: Man | E10: Master’s student | F10: Yes | G10: Advanced (C1) | H10: Research center | I10: 1 | J10: 2 | K10: 2 | L10: 2 | M10: =IF(L10<3,"Novice","Experienced") -> Novice | N10: 2 | O10: 2 | P10: 3 | Q10: 4 | R10: 3 | S10: 2 | T10: 3 | U10: 3 | V10: 2 | W10: 4 | X10: =((N10-1)+(5-O10)+(P10-1)+(5-Q10)+(R10-1)+(5-S10)+(T10-1)+(5-U10)+(V10-1)+(5-W10))*2.5 -> 45 | Y10: 2 | Z10: 5 | AA10: 4 | AB10: 4 | AC10: 4 | AD10: 4 | AE10: The error messages in the model were very useful, and it is very nice to be able to have different versions so you can return to them. | AF10: The documentation is very long yet I didn't feel it really explained things, for instance, when I was doing the date change (to have absolute and relative), it was a not clear how to use the `sub` or similar. It would be nice to have the docs improved and even put simpler examples. Also, If you have a version, lets say 1.2.4, and try to edit it, it doesn't work it lets you read it but when you try to edit it gives you the latest version. | AG10: Yes, mainly on how to use the sub, although once Octavio explained it it was clear. | AH10: I don't really work with models but we are working on an assistant for DSLs and I see that we could create different DSLs very quickly thanks to Quassar and test if the assistant could help us with them given the generated DSL + Docs.
A11: 45959.669 | B11: 9 | C11: 28 | D11: Man | E11: PhD student | F11: Yes | G11: Advanced (C1) | H11: Student | I11: 8 | J11: 5 | K11: 5 | L11: 5 | M11: =IF(L11<3,"Novice","Experienced") -> Experienced | N11: 5 | O11: 1 | P11: 4 | Q11: 2 | R11: 4 | S11: 1 | T11: 5 | U11: 1 | V11: 4 | W11: 1 | X11: =((N11-1)+(5-O11)+(P11-1)+(5-Q11)+(R11-1)+(5-S11)+(T11-1)+(5-U11)+(V11-1)+(5-W11))*2.5 -> 90 | Y11: 2 | Z11: 5 | AA11: 3 | AB11: 5 | AC11: 5 | AD11: 5 | AE11: Web-based, the editor, the UI, the integration with all parts, the LSP support. | AF11: A bit of problems with constraints (I couldn't add up count(...) + count(...)), and a bit of strange getting used to indent-aware syntax (for representing traits + inheritance), but could get around it very quickly by just naturally using the tool and minimal guidance. The fact that I feel quite confident about using this with < 1.5 hours is significant! | AG11: Model-metamodel connection (two tabs), going to the main screen, switching back and forth was a bit strange. But again, it is a matter of getting used to it. | AH11: I would love a Langium-like (e.g., https://langium.org/playground/) integration, side by side with meta-model + model in order to quickly prototype, etc. Having two different tabs, waiting for commiting, etc, makes it difficult to debug. In other words, I must wait to re-compile the meta-model in order to check whether it solved my problems in the model or not.
A12: 45978.644 | B12: 10 | C12: 23 | D12: Man | E12: PhD student | F12: Yes | G12: Upper-Intermediate (B2) | H12: Industry | I12: 3 | J12: 3 | K12: 4 | L12: 4 | M12: =IF(L12<3,"Novice","Experienced") -> Experienced | N12: 5 | O12: 2 | P12: 4 | Q12: 3 | R12: 5 | S12: 1 | T12: 2 | U12: 1 | V12: 5 | W12: 4 | X12: =((N12-1)+(5-O12)+(P12-1)+(5-Q12)+(R12-1)+(5-S12)+(T12-1)+(5-U12)+(V12-1)+(5-W12))*2.5 -> 75 | Y12: 4 | Z12: 5 | AA12: 5 | AB12: 5 | AC12: 3 | AD12: 5
A13: 45944.485 | B13: 11 | C13: 23 | D13: Man | E13: PhD student | F13: Yes | G13: Proficient (C2) | H13: Industry | I13: 2 | J13: 1 | K13: 2 | L13: 1 | M13: =IF(L13<3,"Novice","Experienced") -> Novice | N13: 5 | O13: 2 | P13: 4 | Q13: 3 | R13: 5 | S13: 1 | T13: 4 | U13: 1 | V13: 5 | W13: 2 | X13: =((N13-1)+(5-O13)+(P13-1)+(5-Q13)+(R13-1)+(5-S13)+(T13-1)+(5-U13)+(V13-1)+(5-W13))*2.5 -> 85 | Y13: 5 | Z13: 5 | AA13: 5 | AB13: 3 | AC13: 4 | AD13: 5 | AE13: The integration between meta-models and models is quite neat and facilitates the process of developing new models. | AF13: I found everything intuitive, my only complaint would be the constraints which require a greater understanding to use, but that is nothing but lack of practice. | AG13: The autocompletion tool right now only suggests the token of the concept you are writing, but it would be nice that, once I write the concept, the compulsory parameters appear unfilled to facilitate the process. | AH13: It has many applications in both areas, in the educational one, as a student I can better see how abstract domain concepts map to structured models. In the professional area, it can greatly improve the development of new projects.
A14: 45959.696 | B14: 12 | C14: 24 | D14: Man | E14: Graduated | F14: Yes | G14: Upper-Intermediate (B2) | H14: Research center | I14: 1 | J14: 1 | K14: 1 | L14: 1 | M14: =IF(L14<3,"Novice","Experienced") -> Novice | N14: 4 | O14: 1 | P14: 5 | Q14: 2 | R14: 5 | S14: 1 | T14: 5 | U14: 2 | V14: 4 | W14: 3 | X14: =((N14-1)+(5-O14)+(P14-1)+(5-Q14)+(R14-1)+(5-S14)+(T14-1)+(5-U14)+(V14-1)+(5-W14))*2.5 -> 85 | Y14: 4 | Z14: 1 | AA14: 5 | AB14: 2 | AC14: 5 | AD14: 1 | AE14: El subrayado de errores y la documentación sobre la definición de metamodelos | AF14: A alguien sin experiencia le vendría bien un asistente basado en llms aprovechando | AG14: A la hora de definir el metamodelo y el modelo. Saber que es necesario forjar el metamodelo, y luego seleccionarlo. | AH14: Lo utilizaría para crear chatbots
A15: 45931.689 | B15: 13 | C15: 47 | D15: Man | E15: PhD student | F15: Yes | G15: Intermediate (B1) | H15: Research center | I15: 22 | J15: 5 | K15: 5 | L15: 5 | M15: =IF(L15<3,"Novice","Experienced") -> Experienced | N15: 5 | O15: 2 | P15: 5 | Q15: 2 | R15: 4 | S15: 2 | T15: 4 | U15: 1 | V15: 5 | W15: 1 | X15: =((N15-1)+(5-O15)+(P15-1)+(5-Q15)+(R15-1)+(5-S15)+(T15-1)+(5-U15)+(V15-1)+(5-W15))*2.5 -> 87.5 | Y15: 5 | Z15: 5 | AA15: 5 | AB15: 5 | AC15: 5 | AD15: 5 | AE15: The facility for defining concepts | AH15: Both environments are feasible for integration
A16: 45938.574 | B16: 14 | C16: 50 | D16: Man | E16: Master’s student | F16: Yes | G16: Intermediate (B1) | H16: Research center | I16: 27 | J16: 5 | K16: 4 | L16: 4 | M16: =IF(L16<3,"Novice","Experienced") -> Experienced | N16: 3 | O16: 2 | P16: 4 | Q16: 4 | R16: 4 | S16: 3 | T16: 3 | U16: 2 | V16: 3 | W16: 4 | X16: =((N16-1)+(5-O16)+(P16-1)+(5-Q16)+(R16-1)+(5-S16)+(T16-1)+(5-U16)+(V16-1)+(5-W16))*2.5 -> 55 | Y16: 4 | Z16: 4 | AA16: 5 | AB16: 2 | AC16: 3 | AD16: 2 | AE16: Tener ejemplos a mano facilita el inicio. | AF16: La pantalla de inicio cuando empiezas sin nada es confusa, puesto que el primer botón que te encuentras no es usable. Sugiero invertir el orden. | AG16: No la he usado tanto como para aportar algo aquí. | AH16: No se adapta mucho al trabajo que realizo.
A17: 45959.664 | B17: 15 | C17: 42 | D17: Man | E17: PhD (completed) | F17: Yes | G17: Advanced (C1) | H17: Teaching, Research center, Student | I17: 25 | J17: 4 | K17: 5 | L17: 5 | M17: =IF(L17<3,"Novice","Experienced") -> Experienced | N17: 5 | O17: 4 | P17: 5 | Q17: 4 | R17: 5 | S17: 4 | T17: 4 | U17: 2 | V17: 4 | W17: 2 | X17: =((N17-1)+(5-O17)+(P17-1)+(5-Q17)+(R17-1)+(5-S17)+(T17-1)+(5-U17)+(V17-1)+(5-W17))*2.5 -> 67.5 | Y17: 4 | Z17: 4 | AA17: 4 | AB17: 4 | AC17: 5 | AD17: 4 | AE17: It's very well integrated through the web environment. | AF17: I couldn't manage to make the quickfixes work. | AG17: To swap between the model and the meta-model. To understand at the beginning how to create the constraints. I was fast at the end due to some quick learning but couldn't manage to get work the automatic quickfixes. | AH17: I would like to import/export the works from Eclipse EMF to Quassar and vice-versa.
A18: 45933.512 | B18: 16 | C18: 27 | D18: Man | E18: Master’s student | F18: Yes | G18: Intermediate (B1) | H18: Industry | I18: 5 | J18: 3 | K18: 4 | L18: 3 | M18: =IF(L18<3,"Novice","Experienced") -> Experienced | N18: 5 | O18: 2 | P18: 1 | Q18: 2 | R18: 5 | S18: 1 | T18: 4 | U18: 1 | V18: 5 | W18: 3 | X18: =((N18-1)+(5-O18)+(P18-1)+(5-Q18)+(R18-1)+(5-S18)+(T18-1)+(5-U18)+(V18-1)+(5-W18))*2.5 -> 77.5 | Y18: 5 | Z18: 5 | AA18: 5 | AB18: 3 | AC18: 4 | AD18: 3 | AE18: Todo en general. Me gustó las sugerencias de código y tener la documentación a mano agiliza el desarrollo | AF18: Quizás la interfaz en general a veces no es muy intuitiva. Las primera vez que usé Quassar estaba un poco perdido. Muchos botones están situados en lugares no tan intuitivos. En cuanto al lenguaje como tal, creo que lo único que me confundió fue la función "all": aunque es cierto que tiene una condición, yo estaba buscando más bien una función "filter" para lo que yo quería hacer. Igualmente, yo personalmente estoy muy sesgado a la distribución de las funciones en los IDEs de programación y en cuanto al "filter" más de lo mismo | AG18: Respecto a la distribución de botones y elementos, quizás buscar un poco más la diferenciación de las secciones con los colores, intentar que todos los botones tengan descripción al pasar el ratón por encima, buscar quizás iconos más descriptivos (el de la flecha para ir a la forja no se entiende), reposicionar algunos (si no me dicen que existe el de settings, ni lo veo al menos a simple vista, o el la forja casi no se ve a simple vista los botones de properties y metamodel). Respecto al lenguaje como tal, quizás adaptar los nombres de algunas funciones como el de all a algo más estándar (aunque entiendo que se busca algo que pueda entender todo el mundo). También estaría bien disponer de todas las operaciones de conjuntos que se puede hacer en SQL (join, intersect, etc.) que aunque quizás no se use demasiado, puede aportar muchísima potencia en este aspecto. Otro aspecto que puede estar muy bien de cara al uso de esta herramienta por parte de empresas es potenciar el desarrollo en caso de que más de una persona esté modificando el DSL. Una solución es hacer algo parecido a cómo funciona Google Drive y que se pueda modificar todo en tiempo real, o hacerlo como git, y que si alguien sube una versión del DSL y otra persona sube otra, que pueda decidir hacer un merge o algo por el estilo. Esto puede ser útil sobre todo en la definición de modelos (en los metamodelos puede ser útil también aunque) | AH18: En mi caso, yo trabajo a diario con lenguajes de dominio específico, y la verdad es que es un entorno que agiliza bastante el desarrollo de estos y el poder compartirlo con otros compañeros y poder editarlo entre todos.
A19: 45934.749 | B19: 17 | C19: 46 | D19: Man | E19: Graduated | F19: Yes | H19: Industry | I19: 20 | J19: 1 | K19: 1 | L19: 1 | M19: =IF(L19<3,"Novice","Experienced") -> Novice | N19: 3 | O19: 2 | P19: 3 | Q19: 4 | R19: 4 | S19: 2 | T19: 3 | U19: 2 | V19: 5 | W19: 2 | X19: =((N19-1)+(5-O19)+(P19-1)+(5-Q19)+(R19-1)+(5-S19)+(T19-1)+(5-U19)+(V19-1)+(5-W19))*2.5 -> 65 | Y19: 4 | Z19: 4 | AA19: 4 | AB19: 4 | AC19: 3 | AD19: 2 | AE19: La ayuda y los ejemplos. | AF19: Sí, por un lado en Safari hay un pequeño lag cuando de escribe en la interfaz (me pasé a Chrome y funciona bien). Otro problema que he tenido es con los tabuladores, en los ejemplos del manual hay dos espacios, sin embargo, el IDE sólo funciona bien con 4 espacios (me llevó un rato darme cuenta). Con respecto al manual, en "Getting Started", donde pone "Step 1", hay una errata en la que aparece código html.
A20: 45932.361 | B20: 18 | C20: 20 | D20: Man | E20: Graduated | F20: Yes | G20: Intermediate (B1) | H20: Industry | I20: 0 | J20: 1 | K20: 1 | L20: 1 | M20: =IF(L20<3,"Novice","Experienced") -> Novice | N20: 5 | O20: 2 | P20: 3 | Q20: 2 | R20: 5 | S20: 2 | T20: 5 | U20: 1 | V20: 4 | W20: 1 | X20: =((N20-1)+(5-O20)+(P20-1)+(5-Q20)+(R20-1)+(5-S20)+(T20-1)+(5-U20)+(V20-1)+(5-W20))*2.5 -> 85 | Y20: 5 | Z20: 5 | AA20: 4 | AB20: 4 | AC20: 4 | AD20: 5 | AE20: La mayor utilidad de Quassar es que, tras modelar con Metta, la DSL resultante se lee como documentación viva: conceptos, reglas y cardinalidades quedan claras y el dominio se entiende de un vistazo | AF20: La lógica de las restricciones ya que no estoy muy acostumbrado. | AG20: - | AH20: -
A21: 45926.463 | B21: 19 | C21: 23 | D21: Man | E21: Master’s student | F21: Yes | G21: Advanced (C1) | H21: Industry, Student | I21: 5 | J21: 1 | K21: 3 | L21: 1 | M21: =IF(L21<3,"Novice","Experienced") -> Novice | N21: 4 | O21: 1 | P21: 3 | Q21: 2 | R21: 5 | S21: 1 | T21: 3 | U21: 1 | V21: 5 | W21: 1 | X21: =((N21-1)+(5-O21)+(P21-1)+(5-Q21)+(R21-1)+(5-S21)+(T21-1)+(5-U21)+(V21-1)+(5-W21))*2.5 -> 85 | Y21: 5 | Z21: 5 | AA21: 3 | AB21: 3 | AC21: 5 | AD21: 5 | AE21: Sharing properties and version control | AF21: No | AG21: I would strongly suggest an interactive tutorial showing the different phases of the metamodel creation in order to make it easier for new users to create their own. | AH21: Problems could be solved more easily if they were tackled from the model’s perspective in the first place, building solutions based on the model definition.
A22: 45938.54 | B22: 20 | C22: 45 | D22: Man | E22: Graduated | F22: Yes | G22: Upper-Intermediate (B2) | H22: Industry | I22: 20 | J22: 5 | K22: 5 | L22: 4 | M22: =IF(L22<3,"Novice","Experienced") -> Experienced | N22: 3 | O22: 2 | P22: 4 | Q22: 3 | R22: 4 | S22: 1 | T22: 4 | U22: 4 | V22: 5 | W22: 2 | X22: =((N22-1)+(5-O22)+(P22-1)+(5-Q22)+(R22-1)+(5-S22)+(T22-1)+(5-U22)+(V22-1)+(5-W22))*2.5 -> 70 | Y22: 4 | Z22: 3 | AA22: 3 | AB22: 2 | AC22: 3 | AD22: 3 | AE22: Los conceptos pueden llevar a confusión a menos que domines el programación dirigida por modelos | AF22: El ciclo y el forjado | AG22: La primera pantalla y la forma de comenzar | AH22: No lo sé
A23: 45968.574 | B23: 21 | C23: 23.75 | D23: Man | E23: Master’s student | F23: Yes | G23: Intermediate (B1) | H23: Student | I23: 2 | J23: 1 | K23: 4 | L23: 2 | M23: =IF(L23<3,"Novice","Experienced") -> Novice | N23: 3 | O23: 2 | P23: 4 | Q23: 4 | R23: 4 | S23: 3 | T23: 3 | U23: 2 | V23: 3 | W23: 4 | X23: =((N23-1)+(5-O23)+(P23-1)+(5-Q23)+(R23-1)+(5-S23)+(T23-1)+(5-U23)+(V23-1)+(5-W23))*2.5 -> 55 | Y23: 4 | Z23: 4 | AA23: 4 | AB23: 5 | AC23: 3 | AD23: 3 | AE23: Tener ejemplos a mano facilita el inicio. | AF23: La pantalla de inicio cuando empiezas sin nada es confusa, puesto que el primer botón que te encuentras no es usable. Sugiero invertir el orden. | AG23: No la he usado tanto como para aportar algo aquí. | AH23: No se adapta mucho al trabajo que realizo.
A24: 45990.693 | B24: 22 | C24: 23.75 | D24: Man | E24: Master’s student | F24: Yes | G24: Upper-Intermediate (B2) | H24: Student | I24: 2 | J24: 1 | K24: 1 | L24: 2 | M24: =IF(L24<3,"Novice","Experienced") -> Novice | N24: 2 | O24: 3 | P24: 3 | Q24: 5 | R24: 4 | S24: 2 | T24: 2 | U24: 1 | V24: 1 | W24: 4 | X24: =((N24-1)+(5-O24)+(P24-1)+(5-Q24)+(R24-1)+(5-S24)+(T24-1)+(5-U24)+(V24-1)+(5-W24))*2.5 -> 42.5 | Y24: 4 | Z24: 4 | AA24: 4 | AB24: 5 | AC24: 3 | AD24: 3 | AE24: The tool seems useful and probably makes the creation and standardization of DSLs easier | AF24: The way the meta-models are built is not intuitive enough and technical support could be needed. The learning curve may be steep for people that don't have enough knowledge about DSLs | AG24: There were not confusing workflows but documentation is needed when using the platform | AH24: I don't know how I would use it since I don't need it in my environment (for now)
A25: 45970.547 | B25: 23 | C25: 23.75 | D25: Woman | E25: Graduated | F25: Yes | G25: Upper-Intermediate (B2) | H25: Student | I25: 2 | J25: 3 | K25: 4 | L25: 1 | M25: =IF(L25<3,"Novice","Experienced") -> Novice | N25: 4 | O25: 2 | P25: 4 | Q25: 2 | R25: 4 | S25: 1 | T25: 4 | U25: 1 | V25: 4 | W25: 3 | X25: =((N25-1)+(5-O25)+(P25-1)+(5-Q25)+(R25-1)+(5-S25)+(T25-1)+(5-U25)+(V25-1)+(5-W25))*2.5 -> 77.5 | Y25: 4 | Z25: 5 | AA25: 4 | AB25: 5 | AC25: 4 | AD25: 5 | AE25: La rapidez de compilar y la sencillez | AF25: La navegación de la documentación de ayuda es molesta sobre todo porque no se puede volver al principio cómodamente
A26: 45977.459 | B26: 24 | C26: 23.75 | D26: Man | E26: Master’s student | F26: Yes | G26: Upper-Intermediate (B2) | H26: Student | I26: 2 | J26: 3 | K26: 5 | L26: 1 | M26: =IF(L26<3,"Novice","Experienced") -> Novice | N26: 5 | O26: 1 | P26: 4 | Q26: 2 | R26: 5 | S26: 1 | T26: 4 | U26: 1 | V26: 4 | W26: 2 | X26: =((N26-1)+(5-O26)+(P26-1)+(5-Q26)+(R26-1)+(5-S26)+(T26-1)+(5-U26)+(V26-1)+(5-W26))*2.5 -> 87.5 | Y26: 5 | Z26: 5 | AA26: 5 | AB26: 4 | AC26: 4 | AD26: 5 | AE26: Permite el fácil modelado de DSLs sin necesidad de un entorno ni herramientas específicas. | AF26: Las constraints pueden tener su curva de aprendizaje, especialmente para perfiles no técnicos. | AH26: Tratando de desarrollar proyectos reales con la adopción de DSLs propios que optimicen todo el proceso de desarrollo.
A27: 45972.545 | B27: 25 | C27: 27 | D27: Man | E27: Graduated | F27: Yes | G27: Elementary (A2) | H27: Industry | I27: 5 | J27: 5 | K27: 3 | L27: 3 | M27: =IF(L27<3,"Novice","Experienced") -> Experienced | N27: 3 | O27: 2 | P27: 3 | Q27: 3 | R27: 4 | S27: 1 | T27: 3 | U27: 1 | V27: 4 | W27: 1 | X27: =((N27-1)+(5-O27)+(P27-1)+(5-Q27)+(R27-1)+(5-S27)+(T27-1)+(5-U27)+(V27-1)+(5-W27))*2.5 -> 72.5 | Y27: 5 | Z27: 5 | AA27: 5 | AB27: 4 | AC27: 5 | AD27: 5
A28: 45994.688 | B28: 26 | C28: 30 | D28: Man | E28: Master’s student | F28: Yes | G28: Advanced (C1) | H28: Student | I28: 4 | J28: 5 | K28: 2 | L28: 0 | M28: =IF(L28<3,"Novice","Experienced") -> Novice | N28: 2 | O28: 2 | P28: 3 | Q28: 4 | R28: 3 | S28: 2 | T28: 4 | U28: 2 | V28: 4 | W28: 2 | X28: =((N28-1)+(5-O28)+(P28-1)+(5-Q28)+(R28-1)+(5-S28)+(T28-1)+(5-U28)+(V28-1)+(5-W28))*2.5 -> 60 | Y28: 5 | Z28: 5 | AA28: 5 | AB28: 4 | AC28: 4 | AD28: 5 | AE28: The error messages in the model were very useful, and it is very nice to be able to have different versions so you can return to them. | AH28: I don't really work with models but we are working on an assistant for DSLs and I see that we could create different DSLs very quickly thanks to Quassar and test if the assistant could help us with them given the generated DSL + Docs.
A29: 45970.753 | B29: 27 | C29: 39 | D29: Man | E29: Graduated | F29: Yes | H29: Industry | I29: 15 | J29: 5 | K29: 1 | L29: 1 | M29: =IF(L29<3,"Novice","Experienced") -> Novice | N29: 3 | O29: 2 | P29: 4 | Q29: 4 | R29: 4 | S29: 1 | T29: 3 | U29: 2 | V29: 5 | W29: 1 | X29: =((N29-1)+(5-O29)+(P29-1)+(5-Q29)+(R29-1)+(5-S29)+(T29-1)+(5-U29)+(V29-1)+(5-W29))*2.5 -> 72.5 | Y29: 5 | Z29: 5 | AA29: 5 | AB29: 4 | AC29: 5 | AD29: 5 | AE29: La ayuda y los ejemplos.
A30: 45975.545 | B30: 28 | C30: 47 | D30: Man | E30: Graduated | F30: Yes | G30: Upper-Intermediate (B2) | H30: Industry | I30: 18 | J30: 5 | K30: 5 | L30: 5 | M30: =IF(L30<3,"Novice","Experienced") -> Experienced | N30: 5 | O30: 1 | P30: 4 | Q30: 3 | R30: 4 | S30: 1 | T30: 4 | U30: 4 | V30: 5 | W30: 2 | X30: =((N30-1)+(5-O30)+(P30-1)+(5-Q30)+(R30-1)+(5-S30)+(T30-1)+(5-U30)+(V30-1)+(5-W30))*2.5 -> 77.5 | Y30: 5 | Z30: 5 | AA30: 5 | AB30: 4 | AC30: 5 | AD30: 5 | AE30: Los conceptos pueden llevar a confusión a menos que domines el programación dirigida por modelos | AH30: No lo sé
A31: 45976.551 | B31: 29 | C31: 29 | D31: Woman | E31: Graduated | F31: Yes | G31: Upper-Intermediate (B2) | H31: Industry | I31: 5 | J31: 5 | K31: 4 | L31: 2 | M31: =IF(L31<3,"Novice","Experienced") -> Novice | N31: 5 | O31: 2 | P31: 4 | Q31: 2 | R31: 4 | S31: 1 | T31: 4 | U31: 1 | V31: 4 | W31: 3 | X31: =((N31-1)+(5-O31)+(P31-1)+(5-Q31)+(R31-1)+(5-S31)+(T31-1)+(5-U31)+(V31-1)+(5-W31))*2.5 -> 80 | Y31: 5 | Z31: 5 | AA31: 5 | AB31: 4 | AC31: 5 | AD31: 5 | AE31: La rapidez de compilar y la sencillez
A32: 45971.367 | B32: 30 | C32: 26 | D32: Man | E32: Master’s student | F32: Yes | G32: Intermediate (B1) | H32: Industry | I32: 8 | J32: 5 | K32: 1 | L32: 1 | M32: =IF(L32<3,"Novice","Experienced") -> Novice | N32: 5 | O32: 1 | P32: 5 | Q32: 2 | R32: 5 | S32: 2 | T32: 5 | U32: 1 | V32: 5 | W32: 1 | X32: =((N32-1)+(5-O32)+(P32-1)+(5-Q32)+(R32-1)+(5-S32)+(T32-1)+(5-U32)+(V32-1)+(5-W32))*2.5 -> 95 | Y32: 5 | Z32: 5 | AA32: 5 | AB32: 4 | AC32: 5 | AD32: 5 | AE32: La mayor utilidad de Quassar es que, tras modelar con Metta, la DSL resultante se lee como documentación viva: conceptos, reglas y cardinalidades quedan claras y el dominio se entiende de un vistazo | AG32: - | AH32: -

Sheet Task
A1: user | B1: precision | C1: recall | D1: F1 | E1: TTFVM (min) | F1: Quality-per-time | H1: MEDIAN | K1: =MEDIAN(D2:D21) -> 0.74036762 | L1: =MEDIAN(E2:E31) -> 49 | M1: =MEDIAN(F2:F31) -> 0.015341978
A2: 1 | B2: 0.588 | C2: 0.541 | D2: =2*B2*C2/(B2+C2) -> 0.5635217 | E2: 37 | F2: =D2/E2 -> 0.015230316 | H2: AVG | K2: =AVERAGE(D2:D21) -> 0.72146836 | L2: =AVERAGE(E2:E31) -> 50.466667 | M2: =AVERAGE(F2:F31) -> 0.015442497
A3: 2 | B3: 0.82857143 | C3: 0.82857143 | D3: =2*B3*C3/(B3+C3) -> 0.82857143 | E3: 67 | F3: =D3/E3 -> 0.012366738 | H3: Q1 | L3: =_xlfn.QUARTILE.INC(E2:E31,1) -> 41.25 | M3: =_xlfn.QUARTILE.INC(F2:F31,1) -> 0.012869849
A4: 3 | B4: 0.91176471 | C4: 0.91176471 | D4: =2*B4*C4/(B4+C4) -> 0.91176471 | E4: 58 | F4: =D4/E4 -> 0.015720081 | H4: Q3 | L4: =_xlfn.QUARTILE.INC(E3:E32,3) -> 58 | M4: =_xlfn.QUARTILE.INC(F3:F32,3) -> 0.018617021
A5: 4 | B5: 0.8 | C5: 0.77777778 | D5: =2*B5*C5/(B5+C5) -> 0.78873239 | E5: 47 | F5: =D5/E5 -> 0.01678154 | H5: IQR | L5: =L4-L3 -> 16.75 | M5: =M4-M3 -> 0.0057471726
A6: 5 | B6: 0.75757576 | C6: 0.67567568 | D6: =2*B6*C6/(B6+C6) -> 0.71428571 | E6: 35 | F6: =D6/E6 -> 0.020408163
A7: 6 | B7: 0.75757576 | C7: 0.69444444 | D7: =2*B7*C7/(B7+C7) -> 0.72463768 | E7: 45 | F7: =D7/E7 -> 0.01610306
A8: 7 | B8: 0.55882353 | C8: 0.51351351 | D8: =2*B8*C8/(B8+C8) -> 0.53521127 | E8: 57 | F8: =D8/E8 -> 0.0093896714
A9: 8 | B9: 1 | C9: 0.93939394 | D9: =2*B9*C9/(B9+C9) -> 0.96875 | E9: 65 | F9: =D9/E9 -> 0.014903846
A10: 9 | B10: 0.875 | C10: 0.875 | D10: =2*B10*C10/(B10+C10) -> 0.875 | E10: 47 | F10: =D10/E10 -> 0.018617021
A11: 10 | B11: 0.68888889 | C11: 0.83783784 | D11: =2*B11*C11/(B11+C11) -> 0.75609756 | E11: 51 | F11: =D11/E11 -> 0.014825442
A12: 11 | B12: 0.625 | C12: 0.52631579 | D12: =2*B12*C12/(B12+C12) -> 0.57142857 | E12: 42 | F12: =D12/E12 -> 0.013605442
A13: 12 | B13: 0.96551724 | C13: 0.8 | D13: =2*B13*C13/(B13+C13) -> 0.875 | E13: 35 | F13: =D13/E13 -> 0.025
A14: 13 | B14: 0.59090909 | C14: 0.68421053 | D14: =2*B14*C14/(B14+C14) -> 0.63414634 | E14: 71 | F14: =D14/E14 -> 0.0089316386
A15: 14 | B15: 0.5 | C15: 0.55263158 | D15: =2*B15*C15/(B15+C15) -> 0.525 | E15: 66 | F15: =D15/E15 -> 0.0079545455
A16: 15 | B16: 0.83870968 | C16: 0.72222222 | D16: =2*B16*C16/(B16+C16) -> 0.7761194 | E16: 34 | F16: =D16/E16 -> 0.022827041
A17: 16 | B17: 0.66666667 | C17: 0.48648649 | D17: =2*B17*C17/(B17+C17) -> 0.5625 | E17: 70 | F17: =D17/E17 -> 0.0080357143
... A31: 30 | B31: 0.5 | C31: 0.61538462 | D31: =2*B31*C31/(B31+C31) -> 0.55172414 | E31: 54 | F31: =D31/E31 -> 0.010217114

Sheet Summary
A1: DEMO
A2: Sample characteristic | B2: Value | C2: Q1-Q3
A3: N participantes | B3: =COUNTA(Questionary!B3:B32) -> 30
A4: Hombres | B4: =COUNTIF(Questionary!D3:D32,"Man") -> 26
A5: Mujeres | B5: =COUNTIF(Questionary!D3:D32,"Woman") -> 4
A6: Edad mediana | B6: =MEDIAN(Questionary!C3:C32) -> 27 | C6: =TRUNC(_xlfn.QUARTILE.INC(Questionary!C3:C32,1),3) & "–" & TRUNC(_xlfn.QUARTILE.INC(Questionary!C3:C32,3),3) -> 23.75–38.25
A7: Edad mínima | B7: =MIN(Questionary!C3:C32) -> 20
A8: Edad máxima | B8: =MAX(Questionary!C3:C32) -> 50
A9: Exp. desarrollo mediana (años) | B9: =MEDIAN(Questionary!I3:I32) -> 5 | C9: =TRUNC(_xlfn.QUARTILE.INC(Questionary!I3:I32,1),3) & "–" & TRUNC(_xlfn.QUARTILE.INC(Questionary!I3:I32,3),3) -> 2–14
A10: Exp. modelado mediana (años) | B10: =MEDIAN(Questionary!J3:J32) -> 3 | C10: =TRUNC(_xlfn.QUARTILE.INC(Questionary!J3:J32,1),3) & "–" & TRUNC(_xlfn.QUARTILE.INC(Questionary!J3:J32,3),3) -> 1–5
A11: Meta-modelado mediana (Likert) | B11: =MEDIAN(Questionary!L3:L32) -> 2 | C11: =TRUNC(_xlfn.QUARTILE.INC(Questionary!L3:L32,1),3) & "–" & TRUNC(_xlfn.QUARTILE.INC(Questionary!L3:L32,3),3) -> 1–4
A12: Novices (L=1–2) | B12: 18
A13: Experienced (L=3–5) | B13: =COUNTIFS(Questionary!L3:L32,">=3",Questionary!L3:L32,"<=5") -> 12
A15: RENDIMIENTO EN LA TAREA
A16: Task metric | B16: Mediana | C16: Q1–Q3
A17: TTFVM(min) | B17: =MEDIAN(Task!E2:E31) -> 49 | C17: =_xlfn.QUARTILE.INC(Task!E2:E31,1) & "–" & _xlfn.QUARTILE.INC(Task!E2:E31,3) -> 41.25–57.75
A18: F1 | B18: =MEDIAN(Task!D2:D31) -> 0.7824259 | C18: =TRUNC(_xlfn.QUARTILE.INC(Task!D2:D31,1),3) & "–" & TRUNC(_xlfn.QUARTILE.INC(Task!D2:D31,3),3) -> 0.576–0.875
A19: Quality-per-time | B19: =MEDIAN(Task!F2:F31) -> 0.015341978 | C19: =TRUNC(_xlfn.QUARTILE.INC(Task!F2:F31,1),3) & "–" & TRUNC(_xlfn.QUARTILE.INC(Task!F2:F31,3),3) -> 0.012–0.018
A21: USABILIDAD (SUS)
A22: SUS metric | B22: Value | C22: Q1–Q3
A23: SUS mediana | B23: =MEDIAN(Questionary!X3:X32) -> 76.25 | C23: =TRUNC(_xlfn.QUARTILE.INC(Questionary!X3:X32,1),3) & "–" & TRUNC(_xlfn.QUARTILE.INC(Questionary!X3:X32,3),3) -> 65.625–85
A24: % SUS ≥ 70 | B24: =COUNTIF(Questionary!X3:X32,">=70")/COUNTA(Questionary!X3:X32) -> 0.7
A26: SQ (SPECIFIC QUESTIONS)
A27: SQ | B27: Mediana | C27: Q1–Q3
A28: SQ1 | B28: =MEDIAN(Questionary!Y3:Y32) -> 4 | C28: =_xlfn.QUARTILE.INC(Questionary!Y3:Y32,1) & "–" & _xlfn.QUARTILE.INC(Questionary!Y3:Y32,3) -> 4–5
A29: SQ2 | B29: =MEDIAN(Questionary!Z3:Z32) -> 5 | C29: =_xlfn.QUARTILE.INC(Questionary!Z3:Z32,1) & "–" & _xlfn.QUARTILE.INC(Questionary!Z3:Z32,3) -> 4–5
A30: SQ3 | B30: =MEDIAN(Questionary!AA3:AA32) -> 4 | C30: =_xlfn.QUARTILE.INC(Questionary!AA3:AA32,1) & "–" & _xlfn.QUARTILE.INC(Questionary!AA3:AA32,3) -> 4–5
A31: SQ4 | B31: =MEDIAN(Questionary!AB3:AB32) -> 4 | C31: =_xlfn.QUARTILE.INC(Questionary!AB3:AB32,1) & "–" & _xlfn.QUARTILE.INC(Questionary!AB3:AB32,3) -> 3–4
A32: SQ5 | B32: =MEDIAN(Questionary!AC3:AC32) -> 4 | C32: =_xlfn.QUARTILE.INC(Questionary!AC3:AC32,1) & "–" & _xlfn.QUARTILE.INC(Questionary!AC3:AC32,3) -> 3.25–5
A33: SQ6 | B33: =MEDIAN(Questionary!AD3:AD32) -> 4 | C33: =_xlfn.QUARTILE.INC(Questionary!AD3:AD32,1) & "–" & _xlfn.QUARTILE.INC(Questionary!AD3:AD32,3) -> 3–5
A35: Cliff’s δ (TTFVM) | B35: {=_xlfn.LET( _xlpm.grupo, Questionary!M2:M21, _xlpm.valores, Task!F2:F21, _xlpm.x, _xlfn._xlws.FILTER(_xlpm.valores, _xlpm.grupo="Novice"), _xlpm.y, _xlfn._xlws.FILTER(_xlpm.valores, _xlpm.grupo="Experienced"), _xlpm.nx, ROWS(_xlpm.x), _xlpm.ny, ROWS(_xlpm.y), _xlpm.gt, SUMPRODUCT(--(_xlpm.x>TRANSPOSE(_xlpm.y))), _xlpm.lt, SUMPRODUCT(--(_xlpm.x<TRANSPOSE(_xlpm.y))), (_xlpm.gt-_xlpm.lt)/(_xlpm.nx*_xlpm.ny) )} -> 0.28888889
A36: Cliff’s δ para SUS | B36: {=_xlfn.LET( _xlpm.grupo, Questionary!M2:M21, _xlpm.sus, Questionary!W2:W21, _xlpm.x, _xlfn._xlws.FILTER(_xlpm.sus, _xlpm.grupo="Novice"), _xlpm.y, _xlfn._xlws.FILTER(_xlpm.sus, _xlpm.grupo="Experienced"), _xlpm.nx, ROWS(_xlpm.x), _xlpm.ny, ROWS(_xlpm.y), _xlpm.gt, SUMPRODUCT(--(_xlpm.x>TRANSPOSE(_xlpm.y))), _xlpm.lt, SUMPRODUCT(--(_xlpm.x<TRANSPOSE(_xlpm.y))), (_xlpm.gt-_xlpm.lt)/(_xlpm.nx*_xlpm.ny) )} -> 0.066666667
